{"player":{"position":{"x":-25.299999237060548,"y":-1.4612257480621338,"z":0.0}},"gameManager":{"scoreBubbles":5,"bubbleText":{"instanceID":83650}}}