{"player":{"position":{"x":-25.469999313354493,"y":-1.461256504058838,"z":0.0}},"gameManager":{"scoreBubbles":3,"bubbleText":{"instanceID":-52860}}}